<visual_stimulation xmlns = "RSME.simulation_parameters">

  <stimulation_description> TEST </stimulation_description>
 
  <stimulation type = 'alternating_bar'>
      <tgt_population> 0 1              </tgt_population>
      <synapse>        'light_synapse'  </synapse>
      <field>          315              </field> 
      <frequancy>      4                </frequancy> 
      <blocked_field>  0                </blocked_field> 
      <x0>             260              </x0>
      <y0>             250              </y0>
      <delay>          0                </delay>
  </stimulation>
    
</visual_stimulation>
